year,month,rain_mm,anomaly_mm,anomaly_pct,z
1901,1,4.9,1.95,66.0,0.408
1901,2,31.8,27.7,676.4,3.688
1901,3,3.0,-6.49,-68.4,-0.468
1901,4,32.7,-9.22,-22.0,-0.417
1901,5,109.6,17.08,18.5,0.448
1901,6,106.0,-35.39,-25.0,-0.772
1901,7,210.0,-20.16,-8.8,-0.282
1901,8,109.2,-64.35,-37.1,-1.123
1901,9,140.8,3.16,2.3,0.061
1901,10,170.1,31.62,22.8,0.516
1901,11,72.5,18.8,35.0,0.422
1901,12,12.3,0.65,5.6,0.041
1902,1,1.9,-1.05,-35.6,-0.221
1902,2,0.5,-3.6,-87.8,-0.479
1902,3,6.7,-2.79,-29.4,-0.202
1902,4,42.6,0.68,1.6,0.031
1902,5,97.7,5.18,5.6,0.136
1902,6,91.7,-49.69,-35.1,-1.084
1902,7,210.0,-20.16,-8.8,-0.282
1902,8,82.1,-91.45,-52.7,-1.596
1902,9,138.4,0.76,0.6,0.015
1902,10,219.1,80.62,58.2,1.316
1902,11,44.6,-9.1,-16.9,-0.204
1902,12,84.9,73.25,628.7,4.626
1903,1,0.3,-2.65,-89.8,-0.556
1903,2,0.0,-4.1,-100.0,-0.545
1903,3,1.1,-8.39,-88.4,-0.605
1903,4,11.6,-30.32,-72.3,-1.372
1903,5,125.1,32.58,35.2,0.854
1903,6,129.7,-11.69,-8.3,-0.255
1903,7,284.4,54.24,23.6,0.758
1903,8,155.7,-17.85,-10.3,-0.312
1903,9,197.1,59.46,43.2,1.149
1903,10,154.2,15.72,11.4,0.257
1903,11,186.6,132.9,247.5,2.981
1903,12,24.1,12.45,106.8,0.786
1904,1,1.0,-1.95,-66.1,-0.409
1904,2,0.5,-3.6,-87.8,-0.479
1904,3,5.2,-4.29,-45.2,-0.31
1904,4,43.5,1.58,3.8,0.071
1904,5,144.7,52.18,56.4,1.368
1904,6,167.9,26.51,18.7,0.578
1904,7,197.1,-33.06,-14.4,-0.462
1904,8,73.2,-100.35,-57.8,-1.752
1904,9,89.6,-48.04,-34.9,-0.929
1904,10,120.4,-18.08,-13.1,-0.295
1904,11,2.5,-51.2,-95.3,-1.148
1904,12,0.3,-11.35,-97.4,-0.717
1905,1,1.7,-1.25,-42.4,-0.262
1905,2,7.9,3.8,92.9,0.506
1905,3,14.2,4.71,49.6,0.339
1905,4,23.6,-18.32,-43.7,-0.829
1905,5,118.6,26.08,28.2,0.684
1905,6,95.9,-45.49,-32.2,-0.992
1905,7,148.4,-81.76,-35.5,-1.142
1905,8,140.6,-32.95,-19.0,-0.575
1905,9,43.1,-94.54,-68.7,-1.827
1905,10,142.8,4.32,3.1,0.071
1905,11,22.4,-31.3,-58.3,-0.702
1905,12,0.3,-11.35,-97.4,-0.717
1906,1,14.1,11.15,377.6,2.336
1906,2,1.5,-2.6,-63.4,-0.346
1906,3,2.2,-7.29,-76.8,-0.526
1906,4,4.8,-37.12,-88.6,-1.68
1906,5,46.1,-46.42,-50.2,-1.216
1906,6,116.4,-24.99,-17.7,-0.545
1906,7,211.3,-18.86,-8.2,-0.263
1906,8,256.3,82.75,47.7,1.445
1906,9,109.5,-28.14,-20.4,-0.544
1906,10,173.4,34.92,25.2,0.57
1906,11,16.5,-37.2,-69.3,-0.834
1906,12,52.6,40.95,351.5,2.586
1907,1,4.5,1.55,52.4,0.324
1907,2,0.0,-4.1,-100.0,-0.545
1907,3,11.7,2.21,23.2,0.159
1907,4,84.7,42.78,102.0,1.936
1907,5,46.5,-46.02,-49.7,-1.206
1907,6,137.4,-3.99,-2.8,-0.087
1907,7,231.5,1.34,0.6,0.019
1907,8,219.4,45.85,26.4,0.801
1907,9,146.5,8.86,6.4,0.171
1907,10,52.6,-85.88,-62.0,-1.401
1907,11,49.5,-4.2,-7.8,-0.094
1907,12,14.1,2.45,21.0,0.155
1908,1,8.3,5.35,181.2,1.121
1908,2,2.4,-1.7,-41.4,-0.226
1908,3,9.3,-0.19,-2.0,-0.014
1908,4,44.4,2.48,5.9,0.112
1908,5,92.5,-0.02,-0.0,-0.0
1908,6,92.2,-49.19,-34.8,-1.073
1908,7,263.6,33.44,14.5,0.467
1908,8,118.1,-55.45,-31.9,-0.968
1908,9,88.0,-49.64,-36.1,-0.959
1908,10,69.6,-68.88,-49.7,-1.124
1908,11,1.2,-52.5,-97.8,-1.177
1908,12,0.5,-11.15,-95.7,-0.704
1909,1,19.8,16.85,570.7,3.531
1909,2,1.2,-2.9,-70.7,-0.385
1909,3,6.7,-2.79,-29.4,-0.202
1909,4,42.1,0.18,0.4,0.008
1909,5,166.6,74.08,80.1,1.942
1909,6,138.9,-2.49,-1.8,-0.054
1909,7,245.5,15.34,6.7,0.214
1909,8,190.5,16.95,9.8,0.296
1909,9,109.0,-28.64,-20.8,-0.554
1909,10,121.5,-16.98,-12.3,-0.277
1909,11,35.8,-17.9,-33.3,-0.401
1909,12,9.7,-1.95,-16.7,-0.123
1910,1,0.0,-2.95,-100.0,-0.619
1910,2,1.1,-3.0,-73.1,-0.399
1910,3,7.5,-1.99,-21.0,-0.144
1910,4,27.0,-14.92,-35.6,-0.675
1910,5,89.8,-2.72,-2.9,-0.071
1910,6,124.9,-16.49,-11.7,-0.36
1910,7,254.1,23.94,10.4,0.334
1910,8,232.6,59.05,34.0,1.031
1910,9,123.5,-14.14,-10.3,-0.273
1910,10,219.6,81.12,58.6,1.324
1910,11,77.0,23.3,43.4,0.523
1910,12,0.0,-11.65,-100.0,-0.736
1911,1,0.8,-2.15,-72.9,-0.451
1911,2,0.1,-4.0,-97.6,-0.532
1911,3,5.2,-4.29,-45.2,-0.31
1911,4,28.8,-13.12,-31.3,-0.594
1911,5,123.2,30.68,33.2,0.804
1911,6,174.8,33.41,23.6,0.729
1911,7,225.7,-4.46,-1.9,-0.062
1911,8,84.0,-89.55,-51.6,-1.563
1911,9,63.3,-74.34,-54.0,-1.437
1911,10,156.7,18.22,13.2,0.297
1911,11,35.8,-17.9,-33.3,-0.401
1911,12,7.9,-3.75,-32.2,-0.237
1912,1,0.8,-2.15,-72.9,-0.451
1912,2,4.6,0.5,12.3,0.067
1912,3,2.7,-6.79,-71.6,-0.49
1912,4,41.7,-0.22,-0.5,-0.01
1912,5,70.1,-22.42,-24.2,-0.587
1912,6,133.0,-8.39,-5.9,-0.183
1912,7,291.9,61.74,26.8,0.862
1912,8,181.3,7.75,4.5,0.135
1912,9,176.1,38.46,27.9,0.743
1912,10,190.0,51.52,37.2,0.841
1912,11,57.6,3.9,7.3,0.088
1912,12,0.1,-11.55,-99.1,-0.73
1913,1,0.0,-2.95,-100.0,-0.619
1913,2,0.1,-4.0,-97.6,-0.532
1913,3,1.0,-8.49,-89.5,-0.613
1913,4,22.3,-19.62,-46.8,-0.888
1913,5,93.4,0.88,1.0,0.023
1913,6,124.5,-16.89,-11.9,-0.368
1913,7,257.5,27.34,11.9,0.382
1913,8,88.4,-85.15,-49.1,-1.486
1913,9,151.0,13.36,9.7,0.258
1913,10,133.6,-4.88,-3.5,-0.08
1913,11,1.4,-52.3,-97.4,-1.173
1913,12,3.1,-8.55,-73.4,-0.54
1914,1,0.0,-2.95,-100.0,-0.619
1914,2,0.6,-3.5,-85.4,-0.465
1914,3,1.7,-7.79,-82.1,-0.562
1914,4,16.0,-25.92,-61.8,-1.173
1914,5,62.6,-29.92,-32.3,-0.784
1914,6,69.6,-71.79,-50.8,-1.565
1914,7,309.7,79.54,34.6,1.111
1914,8,153.3,-20.25,-11.7,-0.353
1914,9,107.9,-29.74,-21.6,-0.575
1914,10,115.3,-23.18,-16.7,-0.378
1914,11,64.0,10.3,19.2,0.231
1914,12,26.0,14.35,123.2,0.906
1915,1,9.7,6.75,228.6,1.414
1915,2,2.6,-1.5,-36.5,-0.199
1915,3,31.6,22.11,232.8,1.594
1915,4,43.9,1.98,4.7,0.089
1915,5,66.5,-26.02,-28.1,-0.682
1915,6,222.9,81.51,57.6,1.777
1915,7,184.2,-45.96,-20.0,-0.642
1915,8,75.7,-97.85,-56.4,-1.708
1915,9,185.0,47.36,34.4,0.915
1915,10,106.7,-31.78,-22.9,-0.519
1915,11,93.4,39.7,73.9,0.89
1915,12,9.5,-2.15,-18.5,-0.136
1916,1,0.0,-2.95,-100.0,-0.619
1916,2,0.1,-4.0,-97.6,-0.532
1916,3,0.2,-9.29,-97.9,-0.67
1916,4,23.9,-18.02,-43.0,-0.816
1916,5,146.3,53.78,58.1,1.41
1916,6,184.0,42.61,30.1,0.929
1916,7,188.5,-41.66,-18.1,-0.582
1916,8,204.7,31.15,18.0,0.544
1916,9,145.5,7.86,5.7,0.152
1916,10,178.4,39.92,28.8,0.651
1916,11,151.6,97.9,182.3,2.196
1916,12,7.4,-4.25,-36.5,-0.269
1917,1,0.3,-2.65,-89.8,-0.556
1917,2,37.2,33.1,808.3,4.406
1917,3,15.9,6.41,67.5,0.462
1917,4,18.4,-23.52,-56.1,-1.064
1917,5,51.8,-40.72,-44.0,-1.067
1917,6,163.8,22.41,15.8,0.489
1917,7,104.4,-125.76,-54.6,-1.757
1917,8,171.2,-2.35,-1.4,-0.041
1917,9,275.6,137.96,100.2,2.666
1917,10,160.0,21.52,15.5,0.351
1917,11,94.7,41.0,76.4,0.92
1917,12,1.0,-10.65,-91.4,-0.673
1918,1,11.1,8.15,276.0,1.708
1918,2,0.7,-3.4,-82.9,-0.452
1918,3,13.9,4.41,46.4,0.318
1918,4,41.0,-0.92,-2.2,-0.042
1918,5,110.1,17.58,19.0,0.461
1918,6,69.2,-72.19,-51.1,-1.574
1918,7,47.5,-182.66,-79.4,-2.551
1918,8,102.7,-70.85,-40.8,-1.237
1918,9,98.7,-38.94,-28.3,-0.753
1918,10,47.0,-91.48,-66.1,-1.493
1918,11,182.6,128.9,240.1,2.891
1918,12,8.9,-2.75,-23.6,-0.174
1919,1,4.8,1.85,62.6,0.387
1919,2,0.0,-4.1,-100.0,-0.545
1919,3,7.7,-1.79,-18.9,-0.129
1919,4,27.1,-14.82,-35.4,-0.671
1919,5,99.8,7.28,7.9,0.191
1919,6,152.7,11.31,8.0,0.247
1919,7,166.9,-63.26,-27.5,-0.884
1919,8,108.4,-65.15,-37.5,-1.137
1919,9,225.0,87.36,63.5,1.688
1919,10,81.9,-56.58,-40.9,-0.923
1919,11,132.3,78.6,146.4,1.763
1919,12,4.7,-6.95,-59.7,-0.439
1920,1,8.4,5.45,184.5,1.142
1920,2,0.4,-3.7,-90.2,-0.492
1920,3,1.7,-7.79,-82.1,-0.562
1920,4,42.8,0.88,2.1,0.04
1920,5,58.6,-33.92,-36.7,-0.889
1920,6,125.1,-16.29,-11.5,-0.355
1920,7,241.2,11.04,4.8,0.154
1920,8,92.1,-81.45,-46.9,-1.422
1920,9,128.1,-9.54,-6.9,-0.184
1920,10,101.9,-36.58,-26.4,-0.597
1920,11,28.4,-25.3,-47.1,-0.567
1920,12,0.1,-11.55,-99.1,-0.73
1921,1,15.4,12.45,421.7,2.609
1921,2,0.0,-4.1,-100.0,-0.545
1921,3,2.9,-6.59,-69.5,-0.476
1921,4,84.6,42.68,101.8,1.931
1921,5,47.2,-45.32,-49.0,-1.188
1921,6,114.9,-26.49,-18.7,-0.578
1921,7,217.8,-12.36,-5.4,-0.173
1921,8,169.5,-4.05,-2.3,-0.071
1921,9,77.5,-60.14,-43.7,-1.162
1921,10,167.6,29.12,21.0,0.475
1921,11,88.7,35.0,65.2,0.785
1921,12,0.0,-11.65,-100.0,-0.736
1922,1,16.1,13.15,445.4,2.756
1922,2,1.2,-2.9,-70.7,-0.385
1922,3,0.3,-9.19,-96.8,-0.663
1922,4,33.1,-8.82,-21.0,-0.399
1922,5,109.9,17.38,18.8,0.456
1922,6,99.5,-41.89,-29.6,-0.913
1922,7,186.3,-43.86,-19.1,-0.613
1922,8,114.3,-59.25,-34.1,-1.034
1922,9,53.4,-84.24,-61.2,-1.628
1922,10,151.8,13.32,9.6,0.217
1922,11,129.0,75.3,140.2,1.689
1922,12,2.2,-9.45,-81.1,-0.597
1923,1,3.7,0.75,25.3,0.157
1923,2,3.9,-0.2,-4.8,-0.026
1923,3,27.2,17.71,186.5,1.277
1923,4,31.8,-10.12,-24.1,-0.458
1923,5,73.8,-18.72,-20.2,-0.491
1923,6,84.3,-57.09,-40.4,-1.245
1923,7,408.1,177.94,77.3,2.485
1923,8,207.7,34.15,19.7,0.596
1923,9,100.3,-37.34,-27.1,-0.722
1923,10,40.0,-98.48,-71.1,-1.607
1923,11,6.7,-47.0,-87.5,-1.054
1923,12,2.9,-8.75,-75.1,-0.553
1924,1,0.9,-2.05,-69.5,-0.43
1924,2,0.1,-4.0,-97.6,-0.532
1924,3,5.8,-3.69,-38.9,-0.266
1924,4,38.7,-3.22,-7.7,-0.146
1924,5,96.0,3.48,3.8,0.091
1924,6,125.7,-15.69,-11.1,-0.342
1924,7,460.9,230.74,100.3,3.223
1924,8,146.7,-26.85,-15.5,-0.469
1924,9,135.1,-2.54,-1.8,-0.049
1924,10,58.4,-80.08,-57.8,-1.307
1924,11,47.1,-6.6,-12.3,-0.148
1924,12,11.7,0.05,0.4,0.003
1925,1,0.0,-2.95,-100.0,-0.619
1925,2,0.1,-4.0,-97.6,-0.532
1925,3,8.4,-1.09,-11.5,-0.079
1925,4,63.0,21.08,50.3,0.954
1925,5,116.5,23.98,25.9,0.629
1925,6,143.2,1.81,1.3,0.039
1925,7,221.3,-8.86,-3.8,-0.124
1925,8,132.6,-40.95,-23.6,-0.715
1925,9,115.3,-22.34,-16.2,-0.432
1925,10,65.8,-72.68,-52.5,-1.186
1925,11,69.4,15.7,29.2,0.352
1925,12,46.8,35.15,301.7,2.22
1926,1,23.0,20.05,679.1,4.202
1926,2,0.4,-3.7,-90.2,-0.492
1926,3,7.1,-2.39,-25.2,-0.173
1926,4,37.5,-4.42,-10.6,-0.2
1926,5,64.1,-28.42,-30.7,-0.745
1926,6,89.6,-51.79,-36.6,-1.129
1926,7,234.3,4.14,1.8,0.058
1926,8,174.2,0.65,0.4,0.011
1926,9,168.3,30.66,22.3,0.593
1926,10,89.7,-48.78,-35.2,-0.796
1926,11,7.6,-46.1,-85.8,-1.034
1926,12,1.2,-10.45,-89.7,-0.66
1927,1,0.1,-2.85,-96.6,-0.598
1927,2,2.5,-1.6,-39.0,-0.212
1927,3,5.2,-4.29,-45.2,-0.31
1927,4,11.2,-30.72,-73.3,-1.39
1927,5,82.5,-10.02,-10.8,-0.263
1927,6,114.3,-27.09,-19.2,-0.591
1927,7,249.1,18.94,8.2,0.265
1927,8,118.5,-55.05,-31.7,-0.961
1927,9,186.8,49.16,35.7,0.95
1927,10,19.4,-119.08,-86.0,-1.943
1927,11,74.2,20.5,38.2,0.46
1927,12,0.0,-11.65,-100.0,-0.736
1928,1,0.6,-2.35,-79.7,-0.493
1928,2,44.3,40.2,981.6,5.351
1928,3,24.0,14.51,152.8,1.046
1928,4,43.4,1.48,3.5,0.067
1928,5,66.1,-26.42,-28.6,-0.692
1928,6,112.1,-29.29,-20.7,-0.639
1928,7,189.1,-41.06,-17.8,-0.573
1928,8,161.7,-11.85,-6.8,-0.207
1928,9,37.8,-99.84,-72.5,-1.93
1928,10,229.7,91.22,65.9,1.489
1928,11,28.9,-24.8,-46.2,-0.556
1928,12,12.7,1.05,9.0,0.066
1929,1,4.7,1.75,59.2,0.366
1929,2,13.7,9.6,234.5,1.278
1929,3,1.9,-7.59,-80.0,-0.548
1929,4,127.7,85.78,204.6,3.881
1929,5,101.3,8.78,9.5,0.23
1929,6,149.7,8.31,5.9,0.181
1929,7,178.6,-51.56,-22.4,-0.72
1929,8,88.8,-84.75,-48.8,-1.479
1929,9,186.0,48.36,35.1,0.935
1929,10,100.9,-37.58,-27.1,-0.613
1929,11,76.5,22.8,42.5,0.511
1929,12,5.2,-6.45,-55.4,-0.407
1930,1,5.2,2.25,76.1,0.471
1930,2,6.6,2.5,61.1,0.333
1930,3,10.8,1.31,13.8,0.094
1930,4,27.0,-14.92,-35.6,-0.675
1930,5,156.8,64.28,69.5,1.685
1930,6,126.9,-14.49,-10.2,-0.316
1930,7,117.2,-112.96,-49.1,-1.578
1930,8,85.5,-88.05,-50.7,-1.537
1930,9,150.5,12.86,9.3,0.248
1930,10,253.9,115.42,83.4,1.884
1930,11,40.9,-12.8,-23.8,-0.287
1930,12,12.1,0.45,3.9,0.028
1931,1,0.0,-2.95,-100.0,-0.619
1931,2,0.0,-4.1,-100.0,-0.545
1931,3,3.0,-6.49,-68.4,-0.468
1931,4,45.7,3.78,9.0,0.171
1931,5,81.7,-10.82,-11.7,-0.283
1931,6,116.8,-24.59,-17.4,-0.536
1931,7,188.2,-41.96,-18.2,-0.586
1931,8,246.0,72.45,41.7,1.265
1931,9,144.6,6.96,5.1,0.134
1931,10,42.7,-95.78,-69.2,-1.563
1931,11,117.5,63.8,118.8,1.431
1931,12,26.3,14.65,125.7,0.925
1932,1,0.0,-2.95,-100.0,-0.619
1932,2,10.4,6.3,153.9,0.839
1932,3,0.5,-8.99,-94.7,-0.649
1932,4,35.8,-6.12,-14.6,-0.277
1932,5,155.8,63.28,68.4,1.659
1932,6,72.4,-68.99,-48.8,-1.504
1932,7,262.9,32.74,14.2,0.457
1932,8,264.3,90.75,52.3,1.584
1932,9,117.1,-20.54,-14.9,-0.397
1932,10,227.0,88.52,63.9,1.445
1932,11,122.4,68.7,127.9,1.541
1932,12,1.6,-10.05,-86.3,-0.635
1933,1,0.0,-2.95,-100.0,-0.619
1933,2,2.9,-1.2,-29.2,-0.159
1933,3,10.5,1.01,10.6,0.073
1933,4,43.8,1.88,4.5,0.085
1933,5,176.0,83.48,90.2,2.188
1933,6,139.9,-1.49,-1.1,-0.033
1933,7,216.8,-13.36,-5.8,-0.187
1933,8,241.6,68.05,39.2,1.188
1933,9,195.1,57.46,41.7,1.11
1933,10,236.6,98.12,70.9,1.601
1933,11,19.2,-34.5,-64.2,-0.774
1933,12,46.6,34.95,300.0,2.207
1934,1,5.9,2.95,99.9,0.618
1934,2,0.4,-3.7,-90.2,-0.492
1934,3,1.1,-8.39,-88.4,-0.605
1934,4,40.9,-1.02,-2.4,-0.046
1934,5,52.6,-39.92,-43.1,-1.046
1934,6,149.4,8.01,5.7,0.175
1934,7,158.7,-71.46,-31.0,-0.998
1934,8,137.5,-36.05,-20.8,-0.629
1934,9,27.7,-109.94,-79.9,-2.125
1934,10,173.5,35.02,25.3,0.572
1934,11,38.3,-15.4,-28.7,-0.345
1934,12,0.3,-11.35,-97.4,-0.717
1935,1,6.2,3.25,110.0,0.681
1935,2,1.2,-2.9,-70.7,-0.385
1935,3,5.2,-4.29,-45.2,-0.31
1935,4,48.6,6.68,15.9,0.302
1935,5,52.6,-39.92,-43.1,-1.046
1935,6,121.9,-19.49,-13.8,-0.425
1935,7,211.0,-19.16,-8.3,-0.268
1935,8,197.1,23.55,13.6,0.411
1935,9,105.2,-32.44,-23.6,-0.627
1935,10,191.6,53.12,38.4,0.867
1935,11,6.8,-46.9,-87.3,-1.052
1935,12,7.3,-4.35,-37.3,-0.275
1936,1,0.0,-2.95,-100.0,-0.619
1936,2,6.2,2.1,51.4,0.28
1936,3,34.7,25.21,265.5,1.818
1936,4,15.7,-26.22,-62.6,-1.187
1936,5,102.1,9.58,10.4,0.251
1936,6,185.2,43.81,31.0,0.955
1936,7,156.2,-73.96,-32.1,-1.033
1936,8,111.6,-61.95,-35.7,-1.081
1936,9,176.1,38.46,27.9,0.743
1936,10,89.5,-48.98,-35.4,-0.799
1936,11,76.5,22.8,42.5,0.511
1936,12,4.5,-7.15,-61.4,-0.452
1937,1,0.1,-2.85,-96.6,-0.598
1937,2,9.8,5.7,139.3,0.759
1937,3,14.6,5.11,53.8,0.368
1937,4,90.8,48.88,116.6,2.212
1937,5,81.6,-10.92,-11.8,-0.286
1937,6,99.6,-41.79,-29.6,-0.911
1937,7,232.7,2.54,1.1,0.035
1937,8,78.0,-95.55,-55.1,-1.668
1937,9,121.7,-15.94,-11.6,-0.308
1937,10,147.0,8.52,6.2,0.139
1937,11,25.5,-28.2,-52.5,-0.632
1937,12,9.7,-1.95,-16.7,-0.123
1938,1,0.0,-2.95,-100.0,-0.619
1938,2,3.9,-0.2,-4.8,-0.026
1938,3,17.4,7.91,83.3,0.57
1938,4,40.7,-1.22,-2.9,-0.055
1938,5,45.8,-46.72,-50.5,-1.224
1938,6,144.4,3.01,2.1,0.066
1938,7,153.8,-76.36,-33.2,-1.067
1938,8,237.6,64.05,36.9,1.118
1938,9,178.7,41.06,29.8,0.794
1938,10,30.6,-107.88,-77.9,-1.76
1938,11,15.9,-37.8,-70.4,-0.848
1938,12,2.6,-9.05,-77.7,-0.572
1939,1,3.5,0.55,18.6,0.115
1939,2,0.0,-4.1,-100.0,-0.545
1939,3,13.1,3.61,38.0,0.26
1939,4,70.5,28.58,68.2,1.293
1939,5,49.6,-42.92,-46.4,-1.125
1939,6,92.1,-49.29,-34.9,-1.075
1939,7,184.7,-45.46,-19.8,-0.635
1939,8,198.1,24.55,14.1,0.429
1939,9,114.7,-22.94,-16.7,-0.443
1939,10,226.6,88.12,63.6,1.438
1939,11,71.6,17.9,33.3,0.402
1939,12,0.0,-11.65,-100.0,-0.736
1940,1,0.0,-2.95,-100.0,-0.619
1940,2,0.1,-4.0,-97.6,-0.532
1940,3,0.7,-8.79,-92.6,-0.634
1940,4,60.1,18.18,43.4,0.822
1940,5,138.3,45.78,49.5,1.2
1940,6,177.6,36.21,25.6,0.79
1940,7,203.4,-26.76,-11.6,-0.374
1940,8,188.7,15.15,8.7,0.265
1940,9,80.7,-56.94,-41.4,-1.101
1940,10,174.9,36.42,26.3,0.594
1940,11,139.7,86.0,160.2,1.929
1940,12,15.8,4.15,35.6,0.262
1941,1,1.2,-1.75,-59.4,-0.367
1941,2,2.3,-1.8,-43.8,-0.239
1941,3,2.3,-7.19,-75.8,-0.519
1941,4,43.8,1.88,4.5,0.085
1941,5,73.8,-18.72,-20.2,-0.491
1941,6,154.9,13.51,9.6,0.295
1941,7,186.5,-43.66,-19.0,-0.61
1941,8,154.9,-18.65,-10.7,-0.326
1941,9,129.8,-7.84,-5.7,-0.152
1941,10,108.4,-30.08,-21.7,-0.491
1941,11,19.5,-34.2,-63.7,-0.767
1941,12,60.2,48.55,416.7,3.066
1942,1,0.1,-2.85,-96.6,-0.598
1942,2,2.0,-2.1,-51.2,-0.279
1942,3,0.5,-8.99,-94.7,-0.649
1942,4,45.0,3.08,7.3,0.139
1942,5,91.0,-1.52,-1.6,-0.04
1942,6,164.1,22.71,16.1,0.495
1942,7,247.5,17.34,7.5,0.242
1942,8,145.9,-27.65,-15.9,-0.483
1942,9,77.3,-60.34,-43.8,-1.166
1942,10,109.0,-29.48,-21.3,-0.481
1942,11,26.7,-27.0,-50.3,-0.605
1942,12,23.7,12.05,103.4,0.761
1943,1,24.4,21.45,726.5,4.495
1943,2,0.9,-3.2,-78.0,-0.425
1943,3,3.7,-5.79,-61.0,-0.418
1943,4,48.3,6.38,15.2,0.288
1943,5,189.9,97.38,105.3,2.552
1943,6,88.5,-52.89,-37.4,-1.153
1943,7,243.1,12.94,5.6,0.181
1943,8,67.5,-106.05,-61.1,-1.851
1943,9,137.0,-0.64,-0.5,-0.012
1943,10,283.0,144.52,104.4,2.358
1943,11,50.8,-2.9,-5.4,-0.065
1943,12,0.0,-11.65,-100.0,-0.736
1944,1,0.2,-2.75,-93.2,-0.577
1944,2,24.3,20.2,493.3,2.689
1944,3,37.0,27.51,289.7,1.984
1944,4,21.7,-20.22,-48.2,-0.915
1944,5,98.5,5.98,6.5,0.157
1944,6,100.0,-41.39,-29.3,-0.903
1944,7,275.1,44.94,19.5,0.628
1944,8,82.0,-91.55,-52.8,-1.598
1944,9,127.2,-10.44,-7.6,-0.202
1944,10,178.5,40.02,28.9,0.653
1944,11,74.4,20.7,38.6,0.464
1944,12,6.7,-4.95,-42.5,-0.313
1945,1,0.4,-2.55,-86.5,-0.535
1945,2,1.2,-2.9,-70.7,-0.385
1945,3,0.3,-9.19,-96.8,-0.663
1945,4,54.9,12.98,30.9,0.587
1945,5,93.3,0.78,0.8,0.021
1945,6,79.9,-61.49,-43.5,-1.341
1945,7,260.9,30.74,13.4,0.429
1945,8,109.9,-63.65,-36.7,-1.111
1945,9,72.6,-65.04,-47.3,-1.257
1945,10,85.2,-53.28,-38.5,-0.869
1945,11,33.7,-20.0,-37.2,-0.448
1945,12,0.1,-11.55,-99.1,-0.73
1946,1,0.1,-2.85,-96.6,-0.598
1946,2,2.4,-1.7,-41.4,-0.226
1946,3,14.8,5.31,55.9,0.383
1946,4,62.5,20.58,49.1,0.931
1946,5,86.9,-5.62,-6.1,-0.147
1946,6,146.8,5.41,3.8,0.118
1946,7,201.5,-28.66,-12.5,-0.4
1946,8,255.9,82.35,47.5,1.438
1946,9,168.1,30.46,22.1,0.589
1946,10,112.9,-25.58,-18.5,-0.417
1946,11,150.3,96.6,179.9,2.167
1946,12,42.9,31.25,268.2,1.974
1947,1,8.1,5.15,174.4,1.079
1947,2,5.9,1.8,44.1,0.24
1947,3,10.0,0.51,5.3,0.036
1947,4,22.4,-19.52,-46.6,-0.883
1947,5,53.2,-39.32,-42.5,-1.03
1947,6,83.5,-57.89,-40.9,-1.262
1947,7,238.9,8.74,3.8,0.122
1947,8,236.2,62.65,36.1,1.094
1947,9,139.7,2.06,1.5,0.04
1947,10,127.6,-10.88,-7.9,-0.177
1947,11,15.2,-38.5,-71.7,-0.863
1947,12,17.6,5.95,51.1,0.376
1948,1,4.0,1.05,35.5,0.22
1948,2,0.1,-4.0,-97.6,-0.532
1948,3,3.2,-6.29,-66.3,-0.454
1948,4,70.7,28.78,68.6,1.302
1948,5,153.9,61.38,66.3,1.609
1948,6,135.6,-5.79,-4.1,-0.126
1948,7,188.6,-41.56,-18.1,-0.58
1948,8,255.6,82.05,47.3,1.433
1948,9,61.1,-76.54,-55.6,-1.479
1948,10,117.7,-20.78,-15.0,-0.339
1948,11,81.5,27.8,51.8,0.624
1948,12,2.1,-9.55,-82.0,-0.603
1949,1,0.1,-2.85,-96.6,-0.598
1949,2,0.1,-4.0,-97.6,-0.532
1949,3,3.8,-5.69,-60.0,-0.411
1949,4,32.1,-9.82,-23.4,-0.445
1949,5,103.6,11.08,12.0,0.29
1949,6,82.4,-58.99,-41.7,-1.286
1949,7,179.5,-50.66,-22.0,-0.708
1949,8,165.2,-8.35,-4.8,-0.146
1949,9,107.8,-29.84,-21.7,-0.577
1949,10,188.3,49.82,36.0,0.813
1949,11,13.6,-40.1,-74.7,-0.899
1949,12,0.0,-11.65,-100.0,-0.736
1950,1,0.1,-2.85,-96.6,-0.598
1950,2,13.3,9.2,224.7,1.225
1950,3,0.8,-8.69,-91.6,-0.627
1950,4,6.5,-35.42,-84.5,-1.603
1950,5,61.3,-31.22,-33.7,-0.818
1950,6,91.2,-50.19,-35.5,-1.094
1950,7,268.8,38.64,16.8,0.54
1950,8,148.7,-24.85,-14.3,-0.434
1950,9,154.5,16.86,12.2,0.326
1950,10,133.7,-4.78,-3.4,-0.078
1950,11,77.1,23.4,43.6,0.525
1950,12,0.4,-11.25,-96.6,-0.711
1951,1,0.2,-2.75,-93.2,-0.577
1951,2,0.0,-4.1,-100.0,-0.545
1951,3,13.0,3.51,36.9,0.253
1951,4,60.9,18.98,45.3,0.859
1951,5,135.2,42.68,46.1,1.119
1951,6,111.7,-29.69,-21.0,-0.647
1951,7,205.7,-24.46,-10.6,-0.342
1951,8,89.4,-84.15,-48.5,-1.469
1951,9,177.9,40.26,29.2,0.778
1951,10,98.0,-40.48,-29.2,-0.66
1951,11,33.3,-20.4,-38.0,-0.457
1951,12,0.0,-11.65,-100.0,-0.736
1952,1,0.3,-2.65,-89.8,-0.556
1952,2,10.7,6.6,161.2,0.879
1952,3,0.6,-8.89,-93.7,-0.642
1952,4,40.0,-1.92,-4.6,-0.087
1952,5,76.8,-15.72,-17.0,-0.412
1952,6,106.8,-34.59,-24.5,-0.754
1952,7,176.2,-53.96,-23.4,-0.754
1952,8,156.2,-17.35,-10.0,-0.303
1952,9,66.7,-70.94,-51.5,-1.371
1952,10,188.6,50.12,36.2,0.818
1952,11,0.7,-53.0,-98.7,-1.189
1952,12,48.2,36.55,313.7,2.308
1953,1,0.5,-2.45,-83.1,-0.514
1953,2,2.2,-1.9,-46.3,-0.252
1953,3,0.7,-8.79,-92.6,-0.634
1953,4,71.0,29.08,69.4,1.316
1953,5,34.4,-58.12,-62.8,-1.523
1953,6,163.7,22.31,15.8,0.486
1953,7,368.5,138.34,60.1,1.932
1953,8,191.5,17.95,10.3,0.313
1953,9,113.0,-24.64,-17.9,-0.476
1953,10,307.4,168.92,122.0,2.757
1953,11,2.6,-51.1,-95.2,-1.146
1953,12,0.5,-11.15,-95.7,-0.704
1954,1,1.8,-1.15,-39.0,-0.241
1954,2,0.5,-3.6,-87.8,-0.479
1954,3,8.9,-0.59,-6.3,-0.043
1954,4,38.5,-3.42,-8.2,-0.155
1954,5,127.2,34.68,37.5,0.909
1954,6,139.3,-2.09,-1.5,-0.046
1954,7,298.5,68.34,29.7,0.955
1954,8,175.6,2.05,1.2,0.036
1954,9,56.9,-80.74,-58.7,-1.561
1954,10,164.8,26.32,19.0,0.43
1954,11,0.5,-53.2,-99.1,-1.193
1954,12,18.6,6.95,59.6,0.439
1955,1,0.9,-2.05,-69.5,-0.43
1955,2,0.1,-4.0,-97.6,-0.532
1955,3,10.4,0.91,9.5,0.065
1955,4,48.7,6.78,16.2,0.307
1955,5,168.2,75.68,81.8,1.984
1955,6,135.9,-5.49,-3.9,-0.12
1955,7,88.9,-141.26,-61.4,-1.973
1955,8,151.6,-21.95,-12.6,-0.383
1955,9,201.2,63.56,46.2,1.228
1955,10,175.1,36.62,26.4,0.598
1955,11,18.1,-35.6,-66.3,-0.798
1955,12,2.9,-8.75,-75.1,-0.553
1956,1,0.4,-2.55,-86.5,-0.535
1956,2,1.4,-2.7,-65.8,-0.359
1956,3,2.5,-6.99,-73.7,-0.504
1956,4,68.5,26.58,63.4,1.202
1956,5,62.5,-30.02,-32.4,-0.787
1956,6,209.6,68.21,48.2,1.487
1956,7,251.3,21.14,9.2,0.295
1956,8,137.1,-36.45,-21.0,-0.636
1956,9,120.1,-17.54,-12.7,-0.339
1956,10,265.0,126.52,91.4,2.065
1956,11,124.0,70.3,130.9,1.577
1956,12,1.2,-10.45,-89.7,-0.66
1957,1,0.0,-2.95,-100.0,-0.619
1957,2,0.5,-3.6,-87.8,-0.479
1957,3,9.4,-0.09,-1.0,-0.007
1957,4,18.6,-23.32,-55.6,-1.055
1957,5,169.0,76.48,82.7,2.005
1957,6,174.9,33.51,23.7,0.731
1957,7,242.6,12.44,5.4,0.174
1957,8,147.2,-26.35,-15.2,-0.46
1957,9,47.0,-90.64,-65.9,-1.752
1957,10,177.6,39.12,28.3,0.638
1957,11,77.9,24.2,45.1,0.543
1957,12,0.1,-11.55,-99.1,-0.73
1958,1,3.3,0.35,11.8,0.073
1958,2,1.3,-2.8,-68.3,-0.372
1958,3,13.1,3.61,38.0,0.26
1958,4,60.6,18.68,44.5,0.845
1958,5,134.5,41.98,45.4,1.1
1958,6,163.2,21.81,15.4,0.476
1958,7,340.2,110.04,47.8,1.537
1958,8,201.7,28.15,16.2,0.492
1958,9,123.1,-14.54,-10.6,-0.281
1958,10,108.7,-29.78,-21.5,-0.486
1958,11,59.6,5.9,11.0,0.132
1958,12,0.6,-11.05,-94.9,-0.698
1959,1,0.2,-2.75,-93.2,-0.577
1959,2,2.5,-1.6,-39.0,-0.212
1959,3,0.3,-9.19,-96.8,-0.663
1959,4,25.2,-16.72,-39.9,-0.757
1959,5,89.8,-2.72,-2.9,-0.071
1959,6,255.8,114.41,80.9,2.495
1959,7,425.6,195.44,84.9,2.73
1959,8,172.2,-1.35,-0.8,-0.023
1959,9,218.2,80.56,58.5,1.557
1959,10,55.4,-83.08,-60.0,-1.356
1959,11,29.3,-24.4,-45.4,-0.547
1959,12,6.3,-5.35,-45.9,-0.338
1960,1,0.3,-2.65,-89.8,-0.556
1960,2,0.0,-4.1,-100.0,-0.545
1960,3,15.3,5.81,61.2,0.419
1960,4,42.4,0.48,1.1,0.022
1960,5,92.6,0.08,0.1,0.002
1960,6,119.8,-21.59,-15.3,-0.471
1960,7,254.3,24.14,10.5,0.337
1960,8,124.4,-49.15,-28.3,-0.858
1960,9,162.7,25.06,18.2,0.484
1960,10,112.8,-25.68,-18.5,-0.419
1960,11,65.3,11.6,21.6,0.26
1960,12,0.2,-11.45,-98.3,-0.723
1961,1,2.1,-0.85,-28.9,-0.179
1961,2,3.4,-0.7,-17.0,-0.093
1961,3,2.6,-6.89,-72.6,-0.497
1961,4,62.5,20.58,49.1,0.931
1961,5,161.6,69.08,74.7,1.811
1961,6,196.2,54.81,38.8,1.195
1961,7,492.7,262.54,114.1,3.667
1961,8,213.5,39.95,23.0,0.698
1961,9,93.8,-43.84,-31.9,-0.847
1961,10,165.4,26.92,19.4,0.439
1961,11,14.3,-39.4,-73.4,-0.884
1961,12,1.4,-10.25,-88.0,-0.647
1962,1,1.4,-1.55,-52.6,-0.325
1962,2,6.9,2.8,68.5,0.373
1962,3,5.5,-3.99,-42.1,-0.288
1962,4,81.3,39.38,93.9,1.782
1962,5,118.5,25.98,28.1,0.681
1962,6,66.1,-75.29,-53.3,-1.642
1962,7,310.4,80.24,34.9,1.121
1962,8,268.5,94.95,54.7,1.658
1962,9,149.1,11.46,8.3,0.221
1962,10,203.7,65.22,47.1,1.064
1962,11,29.6,-24.1,-44.9,-0.54
1962,12,65.9,54.25,465.6,3.426
1963,1,1.2,-1.75,-59.4,-0.367
1963,2,2.8,-1.3,-31.6,-0.172
1963,3,13.0,3.51,36.9,0.253
1963,4,51.6,9.68,23.1,0.438
1963,5,78.1,-14.42,-15.6,-0.378
1963,6,108.5,-32.89,-23.3,-0.717
1963,7,197.5,-32.66,-14.2,-0.456
1963,8,232.5,58.95,34.0,1.029
1963,9,92.6,-45.04,-32.7,-0.871
1963,10,193.8,55.32,40.0,0.903
1963,11,9.0,-44.7,-83.2,-1.002
1963,12,12.3,0.65,5.6,0.041
1964,1,0.0,-2.95,-100.0,-0.619
1964,2,0.1,-4.0,-97.6,-0.532
1964,3,0.7,-8.79,-92.6,-0.634
1964,4,23.6,-18.32,-43.7,-0.829
1964,5,51.0,-41.52,-44.9,-1.088
1964,6,122.2,-19.19,-13.6,-0.418
1964,7,280.0,49.84,21.7,0.696
1964,8,305.4,131.85,76.0,2.302
1964,9,182.7,45.06,32.7,0.871
1964,10,121.5,-16.98,-12.3,-0.277
1964,11,78.4,24.7,46.0,0.554
1964,12,3.8,-7.85,-67.4,-0.496
1965,1,1.0,-1.95,-66.1,-0.409
1965,2,0.2,-3.9,-95.1,-0.519
1965,3,4.6,-4.89,-51.5,-0.353
1965,4,24.6,-17.32,-41.3,-0.784
1965,5,42.0,-50.52,-54.6,-1.324
1965,6,129.8,-11.59,-8.2,-0.253
1965,7,245.2,15.04,6.5,0.21
1965,8,141.1,-32.45,-18.7,-0.566
1965,9,81.4,-56.24,-40.9,-1.087
1965,10,17.7,-120.78,-87.2,-1.971
1965,11,25.8,-27.9,-52.0,-0.626
1965,12,21.7,10.05,86.2,0.635
1966,1,4.2,1.25,42.3,0.262
1966,2,0.9,-3.2,-78.0,-0.425
1966,3,2.5,-6.99,-73.7,-0.504
1966,4,24.7,-17.22,-41.1,-0.779
1966,5,90.9,-1.62,-1.7,-0.042
1966,6,82.3,-59.09,-41.8,-1.289
1966,7,256.1,25.94,11.3,0.362
1966,8,91.0,-82.55,-47.6,-1.441
1966,9,188.5,50.86,36.9,0.983
1966,10,132.8,-5.68,-4.1,-0.093
1966,11,123.2,69.5,129.4,1.559
1966,12,13.8,2.15,18.4,0.136
1967,1,5.7,2.75,93.1,0.576
1967,2,0.0,-4.1,-100.0,-0.545
1967,3,4.7,-4.79,-50.5,-0.346
1967,4,25.7,-16.22,-38.7,-0.734
1967,5,77.8,-14.72,-15.9,-0.386
1967,6,136.3,-5.09,-3.6,-0.111
1967,7,350.4,120.24,52.2,1.679
1967,8,157.3,-16.25,-9.4,-0.284
1967,9,57.8,-79.84,-58.0,-1.543
1967,10,96.2,-42.28,-30.5,-0.69
1967,11,12.3,-41.4,-77.1,-0.928
1967,12,16.0,4.35,37.3,0.275
1968,1,0.0,-2.95,-100.0,-0.619
1968,2,8.0,3.9,95.3,0.52
1968,3,8.5,-0.99,-10.5,-0.072
1968,4,47.5,5.58,13.3,0.252
1968,5,71.8,-20.72,-22.4,-0.543
1968,6,120.6,-20.79,-14.7,-0.453
1968,7,284.1,53.94,23.4,0.753
1968,8,124.7,-48.85,-28.1,-0.853
1968,9,209.7,72.06,52.4,1.393
1968,10,99.3,-39.18,-28.3,-0.639
1968,11,23.4,-30.3,-56.4,-0.679
1968,12,3.4,-8.25,-70.8,-0.521
1969,1,0.0,-2.95,-100.0,-0.619
1969,2,0.0,-4.1,-100.0,-0.545
1969,3,2.3,-7.19,-75.8,-0.519
1969,4,37.8,-4.12,-9.8,-0.187
1969,5,101.9,9.38,10.1,0.246
1969,6,100.8,-40.59,-28.7,-0.885
1969,7,289.5,59.34,25.8,0.829
1969,8,216.3,42.75,24.6,0.746
1969,9,104.0,-33.64,-24.4,-0.65
1969,10,174.8,36.32,26.2,0.593
1969,11,51.4,-2.3,-4.3,-0.052
1969,12,27.7,16.05,137.7,1.014
1970,1,1.4,-1.55,-52.6,-0.325
1970,2,5.4,1.3,31.8,0.174
1970,3,4.3,-5.19,-54.7,-0.375
1970,4,49.5,7.58,18.1,0.343
1970,5,129.6,37.08,40.1,0.972
1970,6,99.5,-41.89,-29.6,-0.913
1970,7,210.1,-20.06,-8.7,-0.28
1970,8,206.4,32.85,18.9,0.574
1970,9,129.0,-8.64,-6.3,-0.167
1970,10,217.6,79.12,57.1,1.291
1970,11,20.9,-32.8,-61.1,-0.736
1970,12,0.2,-11.45,-98.3,-0.723
1971,1,2.0,-0.95,-32.3,-0.2
1971,2,5.3,1.2,29.4,0.16
1971,3,2.7,-6.79,-71.6,-0.49
1971,4,37.9,-4.02,-9.6,-0.182
1971,5,100.5,7.98,8.6,0.209
1971,6,204.5,63.11,44.6,1.376
1971,7,174.9,-55.26,-24.0,-0.772
1971,8,180.7,7.15,4.1,0.125
1971,9,161.7,24.06,17.5,0.465
1971,10,122.3,-16.18,-11.7,-0.264
1971,11,17.4,-36.3,-67.6,-0.814
1971,12,10.3,-1.35,-11.6,-0.085
1972,1,0.0,-2.95,-100.0,-0.619
1972,2,1.1,-3.0,-73.1,-0.399
1972,3,0.1,-9.39,-98.9,-0.678
1972,4,26.9,-15.02,-35.8,-0.68
1972,5,190.5,97.98,105.9,2.568
1972,6,153.6,12.21,8.6,0.266
1972,7,214.6,-15.56,-6.8,-0.217
1972,8,97.6,-75.95,-43.8,-1.326
1972,9,176.2,38.56,28.0,0.745
1972,10,135.7,-2.78,-2.0,-0.045
1972,11,26.3,-27.4,-51.0,-0.614
1972,12,41.5,29.85,256.2,1.885
1973,1,0.0,-2.95,-100.0,-0.619
1973,2,0.0,-4.1,-100.0,-0.545
1973,3,0.2,-9.29,-97.9,-0.67
1973,4,21.8,-20.12,-48.0,-0.911
1973,5,102.4,9.88,10.7,0.259
1973,6,214.9,73.51,52.0,1.603
1973,7,232.7,2.54,1.1,0.035
1973,8,220.8,47.25,27.2,0.825
1973,9,118.0,-19.64,-14.3,-0.38
1973,10,140.5,2.02,1.5,0.033
1973,11,26.5,-27.2,-50.6,-0.61
1973,12,8.7,-2.95,-25.3,-0.186
1974,1,0.1,-2.85,-96.6,-0.598
1974,2,0.0,-4.1,-100.0,-0.545
1974,3,4.3,-5.19,-54.7,-0.375
1974,4,34.5,-7.42,-17.7,-0.336
1974,5,113.2,20.68,22.4,0.542
1974,6,71.0,-70.39,-49.8,-1.535
1974,7,281.8,51.64,22.4,0.721
1974,8,166.7,-6.85,-3.9,-0.12
1974,9,235.0,97.36,70.7,1.882
1974,10,138.2,-0.28,-0.2,-0.005
1974,11,6.6,-47.1,-87.7,-1.056
1974,12,0.0,-11.65,-100.0,-0.736
1975,1,4.1,1.15,38.9,0.241
1975,2,3.2,-0.9,-21.9,-0.119
1975,3,15.5,6.01,63.3,0.433
1975,4,21.0,-20.92,-49.9,-0.947
1975,5,93.0,0.48,0.5,0.013
1975,6,224.8,83.41,59.0,1.819
1975,7,260.6,30.44,13.2,0.425
1975,8,252.8,79.25,45.7,1.384
1975,9,224.0,86.36,62.7,1.669
1975,10,157.7,19.22,13.9,0.314
1975,11,76.3,22.6,42.1,0.507
1975,12,1.3,-10.35,-88.8,-0.654
1976,1,0.0,-2.95,-100.0,-0.619
1976,2,0.1,-4.0,-97.6,-0.532
1976,3,2.6,-6.89,-72.6,-0.497
1976,4,66.9,24.98,59.6,1.13
1976,5,25.9,-66.62,-72.0,-1.746
1976,6,64.0,-77.39,-54.7,-1.688
1976,7,203.7,-26.46,-11.5,-0.37
1976,8,148.3,-25.25,-14.5,-0.441
1976,9,87.2,-50.44,-36.6,-0.975
1976,10,54.4,-84.08,-60.7,-1.372
1976,11,106.5,52.8,98.3,1.184
1976,12,1.7,-9.95,-85.4,-0.629
1977,1,0.0,-2.95,-100.0,-0.619
1977,2,1.3,-2.8,-68.3,-0.372
1977,3,13.8,4.31,45.4,0.311
1977,4,51.2,9.28,22.1,0.42
1977,5,136.8,44.28,47.9,1.161
1977,6,168.5,27.11,19.2,0.591
1977,7,227.7,-2.46,-1.1,-0.034
1977,8,134.5,-39.05,-22.5,-0.682
1977,9,166.5,28.86,21.0,0.558
1977,10,224.6,86.12,62.2,1.405
1977,11,82.8,29.1,54.2,0.653
1977,12,0.1,-11.55,-99.1,-0.73
1978,1,0.5,-2.45,-83.1,-0.514
1978,2,7.0,2.9,70.9,0.387
1978,3,2.6,-6.89,-72.6,-0.497
1978,4,40.1,-1.82,-4.4,-0.083
1978,5,104.5,11.98,13.0,0.314
1978,6,188.1,46.71,33.0,1.019
1978,7,281.8,51.64,22.4,0.721
1978,8,231.2,57.65,33.2,1.007
1978,9,156.8,19.16,13.9,0.37
1978,10,107.1,-31.38,-22.7,-0.512
1978,11,81.0,27.3,50.8,0.612
1978,12,30.8,19.15,164.3,1.209
1979,1,0.3,-2.65,-89.8,-0.556
1979,2,29.2,25.1,612.9,3.342
1979,3,4.1,-5.39,-56.8,-0.389
1979,4,31.3,-10.62,-25.3,-0.481
1979,5,49.0,-43.52,-47.0,-1.14
1979,6,192.8,51.41,36.4,1.121
1979,7,189.3,-40.86,-17.8,-0.571
1979,8,207.9,34.35,19.8,0.6
1979,9,219.6,81.96,59.5,1.584
1979,10,81.9,-56.58,-40.9,-0.923
1979,11,113.9,60.2,112.1,1.35
1979,12,1.4,-10.25,-88.0,-0.647
1980,1,0.0,-2.95,-100.0,-0.619
1980,2,0.0,-4.1,-100.0,-0.545
1980,3,7.2,-2.29,-24.2,-0.165
1980,4,79.1,37.18,88.7,1.682
1980,5,99.0,6.48,7.0,0.17
1980,6,228.0,86.61,61.3,1.889
1980,7,287.7,57.54,25.0,0.804
1980,8,179.6,6.05,3.5,0.106
1980,9,161.8,24.16,17.6,0.467
1980,10,99.6,-38.88,-28.1,-0.634
1980,11,81.1,27.4,51.0,0.615
1980,12,1.9,-9.75,-83.7,-0.616
1981,1,1.8,-1.15,-39.0,-0.241
1981,2,0.1,-4.0,-97.6,-0.532
1981,3,19.6,10.11,106.4,0.729
1981,4,25.5,-16.42,-39.2,-0.743
1981,5,94.9,2.38,2.6,0.062
1981,6,136.3,-5.09,-3.6,-0.111
1981,7,189.4,-40.76,-17.7,-0.569
1981,8,299.8,126.25,72.8,2.204
1981,9,254.6,116.96,85.0,2.26
1981,10,123.2,-15.28,-11.0,-0.249
1981,11,32.8,-20.9,-38.9,-0.469
1981,12,6.5,-5.15,-44.2,-0.325
1982,1,0.1,-2.85,-96.6,-0.598
1982,2,0.0,-4.1,-100.0,-0.545
1982,3,2.0,-7.49,-78.9,-0.541
1982,4,18.3,-23.62,-56.4,-1.069
1982,5,99.2,6.68,7.2,0.175
1982,6,151.1,9.71,6.9,0.212
1982,7,217.0,-13.16,-5.7,-0.184
1982,8,240.8,67.25,38.8,1.174
1982,9,126.9,-10.74,-7.8,-0.208
1982,10,97.1,-41.38,-29.9,-0.675
1982,11,50.8,-2.9,-5.4,-0.065
1982,12,0.2,-11.45,-98.3,-0.723
1983,1,0.0,-2.95,-100.0,-0.619
1983,2,0.0,-4.1,-100.0,-0.545
1983,3,0.9,-8.59,-90.5,-0.62
1983,4,5.1,-36.82,-87.8,-1.666
1983,5,77.0,-15.52,-16.8,-0.407
1983,6,215.3,73.91,52.3,1.612
1983,7,206.6,-23.56,-10.2,-0.329
1983,8,262.5,88.95,51.3,1.553
1983,9,185.9,48.26,35.1,0.933
1983,10,97.8,-40.68,-29.4,-0.664
1983,11,21.1,-32.6,-60.7,-0.731
1983,12,38.9,27.25,233.9,1.721
1984,1,2.1,-0.85,-28.9,-0.179
1984,2,7.9,3.8,92.9,0.506
1984,3,75.4,65.91,694.2,4.754
1984,4,39.0,-2.92,-7.0,-0.132
1984,5,44.7,-47.82,-51.7,-1.253
1984,6,196.2,54.81,38.8,1.195
1984,7,256.8,26.64,11.6,0.372
1984,8,122.3,-51.25,-29.5,-0.895
1984,9,167.1,29.46,21.4,0.569
1984,10,142.3,3.82,2.8,0.062
1984,11,5.7,-48.0,-89.4,-1.076
1984,12,4.4,-7.25,-62.2,-0.458
1985,1,4.1,1.15,38.9,0.241
1985,2,0.1,-4.0,-97.6,-0.532
1985,3,13.8,4.31,45.4,0.311
1985,4,42.1,0.18,0.4,0.008
1985,5,52.8,-39.72,-42.9,-1.041
1985,6,193.3,51.91,36.7,1.132
1985,7,138.7,-91.46,-39.7,-1.277
1985,8,172.3,-1.25,-0.7,-0.022
1985,9,139.7,2.06,1.5,0.04
1985,10,67.4,-71.08,-51.3,-1.16
1985,11,29.3,-24.4,-45.4,-0.547
1985,12,5.8,-5.85,-50.2,-0.37
1986,1,13.9,10.95,370.8,2.295
1986,2,9.2,5.1,124.6,0.679
1986,3,3.9,-5.59,-58.9,-0.403
1986,4,26.2,-15.72,-37.5,-0.712
1986,5,51.7,-40.82,-44.1,-1.07
1986,6,210.0,68.61,48.5,1.496
1986,7,149.9,-80.26,-34.9,-1.121
1986,8,208.2,34.65,20.0,0.605
1986,9,175.3,37.66,27.4,0.728
1986,10,79.4,-59.08,-42.7,-0.964
1986,11,94.1,40.4,75.2,0.906
1986,12,8.4,-3.25,-27.9,-0.205
1987,1,0.3,-2.65,-89.8,-0.556
1987,2,0.0,-4.1,-100.0,-0.545
1987,3,4.5,-4.99,-52.6,-0.36
1987,4,9.2,-32.72,-78.1,-1.481
1987,5,64.2,-28.32,-30.6,-0.742
1987,6,135.7,-5.69,-4.0,-0.124
1987,7,114.9,-115.26,-50.1,-1.61
1987,8,151.7,-21.85,-12.6,-0.381
1987,9,139.9,2.26,1.6,0.044
1987,10,205.4,66.92,48.3,1.092
1987,11,76.9,23.2,43.2,0.52
1987,12,31.9,20.25,173.8,1.279
1988,1,0.2,-2.75,-93.2,-0.577
1988,2,2.9,-1.2,-29.2,-0.159
1988,3,11.9,2.41,25.3,0.174
1988,4,71.4,29.48,70.3,1.334
1988,5,84.9,-7.62,-8.2,-0.2
1988,6,68.0,-73.39,-51.9,-1.6
1988,7,276.0,45.84,19.9,0.64
1988,8,251.3,77.75,44.8,1.357
1988,9,199.2,61.56,44.7,1.19
1988,10,30.6,-107.88,-77.9,-1.76
1988,11,5.9,-47.8,-89.0,-1.072
1988,12,19.9,8.25,70.8,0.521
1989,1,0.0,-2.95,-100.0,-0.619
1989,2,0.1,-4.0,-97.6,-0.532
1989,3,12.5,3.01,31.7,0.217
1989,4,24.0,-17.92,-42.8,-0.811
1989,5,53.3,-39.22,-42.4,-1.028
1989,6,145.0,3.61,2.6,0.079
1989,7,286.3,56.14,24.4,0.784
1989,8,135.0,-38.55,-22.2,-0.673
1989,9,149.4,11.76,8.5,0.227
1989,10,86.9,-51.58,-37.2,-0.842
1989,11,15.7,-38.0,-70.8,-0.852
1989,12,5.2,-6.45,-55.4,-0.407
1990,1,4.0,1.05,35.5,0.22
1990,2,0.1,-4.0,-97.6,-0.532
1990,3,5.0,-4.49,-47.3,-0.324
1990,4,15.2,-26.72,-63.7,-1.209
1990,5,115.1,22.58,24.4,0.592
1990,6,130.1,-11.29,-8.0,-0.246
1990,7,148.5,-81.66,-35.5,-1.141
1990,8,193.8,20.25,11.7,0.354
1990,9,59.0,-78.64,-57.1,-1.52
1990,10,128.5,-9.98,-7.2,-0.163
1990,11,47.0,-6.7,-12.5,-0.15
1990,12,2.2,-9.45,-81.1,-0.597
1991,1,1.0,-1.95,-66.1,-0.409
1991,2,0.1,-4.0,-97.6,-0.532
1991,3,2.6,-6.89,-72.6,-0.497
1991,4,64.2,22.28,53.1,1.008
1991,5,108.6,16.08,17.4,0.422
1991,6,248.9,107.51,76.0,2.344
1991,7,261.9,31.74,13.8,0.443
1991,8,165.5,-8.05,-4.6,-0.14
1991,9,115.8,-21.84,-15.9,-0.422
1991,10,192.5,54.02,39.0,0.882
1991,11,60.0,6.3,11.7,0.141
1991,12,0.1,-11.55,-99.1,-0.73
1992,1,0.2,-2.75,-93.2,-0.577
1992,2,0.3,-3.8,-92.7,-0.505
1992,3,0.0,-9.49,-100.0,-0.685
1992,4,28.6,-13.32,-31.8,-0.603
1992,5,78.9,-13.62,-14.7,-0.357
1992,6,269.4,128.01,90.5,2.791
1992,7,202.1,-28.06,-12.2,-0.392
1992,8,215.9,42.35,24.4,0.739
1992,9,145.5,7.86,5.7,0.152
1992,10,113.5,-24.98,-18.0,-0.408
1992,11,146.5,92.8,172.8,2.081
1992,12,0.2,-11.45,-98.3,-0.723
1993,1,0.0,-2.95,-100.0,-0.619
1993,2,0.5,-3.6,-87.8,-0.479
1993,3,6.2,-3.29,-34.7,-0.238
1993,4,22.9,-19.02,-45.4,-0.861
1993,5,66.4,-26.12,-28.2,-0.684
1993,6,149.0,7.61,5.4,0.166
1993,7,204.7,-25.46,-11.1,-0.356
1993,8,189.9,16.35,9.4,0.286
1993,9,105.3,-32.34,-23.5,-0.625
1993,10,234.5,96.02,69.3,1.567
1993,11,25.0,-28.7,-53.4,-0.644
1993,12,33.7,22.05,189.2,1.393
1994,1,11.7,8.75,296.3,1.833
1994,2,2.4,-1.7,-41.4,-0.226
1994,3,3.9,-5.59,-58.9,-0.403
1994,4,54.6,12.68,30.2,0.574
1994,5,70.9,-21.62,-23.4,-0.567
1994,6,184.9,43.51,30.8,0.949
1994,7,336.4,106.24,46.2,1.484
1994,8,132.6,-40.95,-23.6,-0.715
1994,9,96.4,-41.24,-30.0,-0.797
1994,10,238.6,100.12,72.3,1.634
1994,11,24.8,-28.9,-53.8,-0.648
1994,12,0.5,-11.15,-95.7,-0.704
1995,1,4.2,1.25,42.3,0.262
1995,2,0.2,-3.9,-95.1,-0.519
1995,3,3.5,-5.99,-63.1,-0.432
1995,4,32.1,-9.82,-23.4,-0.445
1995,5,70.9,-21.62,-23.4,-0.567
1995,6,79.6,-61.79,-43.7,-1.347
1995,7,248.4,18.24,7.9,0.255
1995,8,179.8,6.25,3.6,0.109
1995,9,135.6,-2.04,-1.5,-0.039
1995,10,98.8,-39.68,-28.7,-0.647
1995,11,30.1,-23.6,-43.9,-0.529
1995,12,0.0,-11.65,-100.0,-0.736
1996,1,1.1,-1.85,-62.7,-0.388
1996,2,0.2,-3.9,-95.1,-0.519
1996,3,1.5,-7.99,-84.2,-0.577
1996,4,49.8,7.88,18.8,0.356
1996,5,52.8,-39.72,-42.9,-1.041
1996,6,204.4,63.01,44.6,1.374
1996,7,187.3,-42.86,-18.6,-0.599
1996,8,187.4,13.85,8.0,0.242
1996,9,188.3,50.66,36.8,0.979
1996,10,132.9,-5.58,-4.0,-0.091
1996,11,10.9,-42.8,-79.7,-0.96
1996,12,27.5,15.85,136.0,1.001
1997,1,4.9,1.95,66.0,0.408
1997,2,0.1,-4.0,-97.6,-0.532
1997,3,26.2,16.71,176.0,1.205
1997,4,26.0,-15.92,-38.0,-0.721
1997,5,45.3,-47.22,-51.0,-1.237
1997,6,178.9,37.51,26.5,0.818
1997,7,251.7,21.54,9.4,0.301
1997,8,246.8,73.25,42.2,1.279
1997,9,108.4,-29.24,-21.2,-0.565
1997,10,134.4,-4.08,-2.9,-0.067
1997,11,123.8,70.1,130.6,1.572
1997,12,33.6,21.95,188.4,1.386
1998,1,0.0,-2.95,-100.0,-0.619
1998,2,0.0,-4.1,-100.0,-0.545
1998,3,3.5,-5.99,-63.1,-0.432
1998,4,31.6,-10.32,-24.6,-0.467
1998,5,47.0,-45.52,-49.2,-1.193
1998,6,155.6,14.21,10.0,0.31
1998,7,278.4,48.24,21.0,0.674
1998,8,205.5,31.95,18.4,0.558
1998,9,175.8,38.16,27.7,0.737
1998,10,148.9,10.42,7.5,0.17
1998,11,55.0,1.3,2.4,0.029
1998,12,11.7,0.05,0.4,0.003
1999,1,0.1,-2.85,-96.6,-0.598
1999,2,4.6,0.5,12.3,0.067
1999,3,1.5,-7.99,-84.2,-0.577
1999,4,42.2,0.28,0.7,0.012
1999,5,131.2,38.68,41.8,1.014
1999,6,129.5,-11.89,-8.4,-0.259
1999,7,289.6,59.44,25.8,0.83
1999,8,138.8,-34.75,-20.0,-0.607
1999,9,108.0,-29.64,-21.5,-0.573
1999,10,271.9,133.42,96.4,2.177
1999,11,28.8,-24.9,-46.4,-0.558
1999,12,3.5,-8.15,-70.0,-0.515
2000,1,1.4,-1.55,-52.6,-0.325
2000,2,15.5,11.4,278.4,1.518
2000,3,0.3,-9.19,-96.8,-0.663
2000,4,46.3,4.38,10.4,0.198
2000,5,59.3,-33.22,-35.9,-0.871
2000,6,167.5,26.11,18.5,0.569
2000,7,200.5,-29.66,-12.9,-0.414
2000,8,300.6,127.05,73.2,2.218
2000,9,183.5,45.86,33.3,0.886
2000,10,206.2,67.72,48.9,1.105
2000,11,14.1,-39.6,-73.7,-0.888
2000,12,12.1,0.45,3.9,0.028
2001,1,0.5,-2.45,-83.1,-0.514
2001,2,1.1,-3.0,-73.1,-0.399
2001,3,1.7,-7.79,-82.1,-0.562
2001,4,90.6,48.68,116.1,2.202
2001,5,30.4,-62.12,-67.1,-1.628
2001,6,127.2,-14.19,-10.0,-0.309
2001,7,168.2,-61.96,-26.9,-0.865
2001,8,152.0,-21.55,-12.4,-0.376
2001,9,189.9,52.26,38.0,1.01
2001,10,122.7,-15.78,-11.4,-0.257
2001,11,40.0,-13.7,-25.5,-0.307
2001,12,2.1,-9.55,-82.0,-0.603
2002,1,2.0,-0.95,-32.3,-0.2
2002,2,11.4,7.3,178.3,0.972
2002,3,2.3,-7.19,-75.8,-0.519
2002,4,20.6,-21.32,-50.9,-0.965
2002,5,77.2,-15.32,-16.6,-0.401
2002,6,131.9,-9.49,-6.7,-0.207
2002,7,92.6,-137.56,-59.8,-1.921
2002,8,155.1,-18.45,-10.6,-0.322
2002,9,74.9,-62.74,-45.6,-1.213
2002,10,168.4,29.92,21.6,0.488
2002,11,18.8,-34.9,-65.0,-0.783
2002,12,0.6,-11.05,-94.9,-0.698
2003,1,0.1,-2.85,-96.6,-0.598
2003,2,4.2,0.1,2.5,0.014
2003,3,20.1,10.61,111.7,0.765
2003,4,36.4,-5.52,-13.2,-0.25
2003,5,9.6,-82.92,-89.6,-2.173
2003,6,118.2,-23.19,-16.4,-0.506
2003,7,162.5,-67.66,-29.4,-0.945
2003,8,152.2,-21.35,-12.3,-0.373
2003,9,51.9,-85.74,-62.3,-1.657
2003,10,192.4,53.92,38.9,0.88
2003,11,11.5,-42.2,-78.6,-0.946
2003,12,3.6,-8.05,-69.1,-0.509
2004,1,9.1,6.15,208.3,1.289
2004,2,12.8,8.7,212.5,1.159
2004,3,16.4,6.91,72.7,0.498
2004,4,62.2,20.28,48.4,0.917
2004,5,180.2,87.68,94.8,2.298
2004,6,196.6,55.21,39.0,1.204
2004,7,191.7,-38.46,-16.7,-0.537
2004,8,211.1,37.55,21.6,0.656
2004,9,117.5,-20.14,-14.6,-0.389
2004,10,101.5,-36.98,-26.7,-0.603
2004,11,24.0,-29.7,-55.3,-0.666
2004,12,10.4,-1.25,-10.7,-0.079
2005,1,7.2,4.25,143.9,0.89
2005,2,3.9,-0.2,-4.8,-0.026
2005,3,3.2,-6.29,-66.3,-0.454
2005,4,76.0,34.08,81.3,1.542
2005,5,74.7,-17.82,-19.3,-0.467
2005,6,138.7,-2.69,-1.9,-0.059
2005,7,333.5,103.34,44.9,1.443
2005,8,233.2,59.65,34.4,1.041
2005,9,145.5,7.86,5.7,0.152
2005,10,241.8,103.32,74.6,1.686
2005,11,56.3,2.6,4.8,0.058
2005,12,5.3,-6.35,-54.5,-0.401
2006,1,0.2,-2.75,-93.2,-0.577
2006,2,0.1,-4.0,-97.6,-0.532
2006,3,35.4,25.91,272.9,1.869
2006,4,24.7,-17.22,-41.1,-0.779
2006,5,127.1,34.58,37.4,0.906
2006,6,183.7,42.31,29.9,0.923
2006,7,226.7,-3.46,-1.5,-0.048
2006,8,172.9,-0.65,-0.4,-0.011
2006,9,112.0,-25.64,-18.6,-0.496
2006,10,61.7,-76.78,-55.4,-1.253
2006,11,84.9,31.2,58.1,0.7
2006,12,1.1,-10.55,-90.6,-0.666
2007,1,0.1,-2.85,-96.6,-0.598
2007,2,0.3,-3.8,-92.7,-0.505
2007,3,0.9,-8.59,-90.5,-0.62
2007,4,39.8,-2.12,-5.1,-0.096
2007,5,76.7,-15.82,-17.1,-0.415
2007,6,216.7,75.31,53.3,1.642
2007,7,267.2,37.04,16.1,0.517
2007,8,245.5,71.95,41.5,1.256
2007,9,198.5,60.86,44.2,1.176
2007,10,152.5,14.02,10.1,0.229
2007,11,18.2,-35.5,-66.1,-0.796
2007,12,14.6,2.95,25.3,0.186
2008,1,0.8,-2.15,-72.9,-0.451
2008,2,20.7,16.6,405.4,2.21
2008,3,108.9,99.41,1047.0,7.17
2008,4,24.9,-17.02,-40.6,-0.77
2008,5,66.3,-26.22,-28.3,-0.687
2008,6,149.8,8.41,5.9,0.183
2008,7,203.4,-26.76,-11.6,-0.374
2008,8,269.8,96.25,55.5,1.68
2008,9,141.4,3.76,2.7,0.073
2008,10,117.1,-21.38,-15.4,-0.349
2008,11,32.3,-21.4,-39.8,-0.48
2008,12,5.2,-6.45,-55.4,-0.407
2009,1,0.1,-2.85,-96.6,-0.598
2009,2,0.1,-4.0,-97.6,-0.532
2009,3,27.3,17.81,187.5,1.284
2009,4,25.4,-16.52,-39.4,-0.748
2009,5,101.3,8.78,9.5,0.23
2009,6,101.6,-39.79,-28.1,-0.868
2009,7,324.7,94.54,41.1,1.32
2009,8,153.2,-20.35,-11.7,-0.355
2009,9,247.9,110.26,80.1,2.131
2009,10,98.2,-40.28,-29.1,-0.657
2009,11,55.7,2.0,3.7,0.045
2009,12,22.9,11.25,96.5,0.71
2010,1,7.9,4.95,167.6,1.037
2010,2,1.7,-2.4,-58.5,-0.319
2010,3,5.6,-3.89,-41.0,-0.281
2010,4,71.1,29.18,69.6,1.32
2010,5,94.9,2.38,2.6,0.062
2010,6,129.1,-12.29,-8.7,-0.268
2010,7,235.1,4.94,2.1,0.069
2010,8,228.1,54.55,31.4,0.952
2010,9,150.7,13.06,9.5,0.252
2010,10,129.6,-8.88,-6.4,-0.145
2010,11,183.5,129.8,241.7,2.911
2010,12,2.5,-9.15,-78.5,-0.578
2011,1,2.1,-0.85,-28.9,-0.179
2011,2,12.4,8.3,202.8,1.105
2011,3,12.4,2.91,30.6,0.21
2011,4,80.2,38.28,91.3,1.732
2011,5,83.5,-9.02,-9.7,-0.236
2011,6,177.1,35.71,25.3,0.779
2011,7,202.4,-27.76,-12.1,-0.388
2011,8,199.5,25.95,15.0,0.453
2011,9,111.2,-26.44,-19.2,-0.511
2011,10,144.8,6.32,4.6,0.103
2011,11,56.7,3.0,5.6,0.067
2011,12,5.0,-6.65,-57.1,-0.42
2012,1,4.6,1.65,55.8,0.345
2012,2,5.5,1.4,34.3,0.187
2012,3,8.1,-1.39,-14.7,-0.101
2012,4,99.0,57.08,136.1,2.583
2012,5,45.6,-46.92,-50.7,-1.23
2012,6,81.8,-59.59,-42.1,-1.299
2012,7,144.7,-85.46,-37.1,-1.194
2012,8,236.5,62.95,36.3,1.099
2012,9,100.6,-37.04,-26.9,-0.716
2012,10,62.8,-75.68,-54.6,-1.235
2012,11,82.6,28.9,53.8,0.648
2012,12,6.2,-5.45,-46.8,-0.344
2013,1,0.5,-2.45,-83.1,-0.514
2013,2,10.1,6.0,146.6,0.799
2013,3,11.7,2.21,23.2,0.159
2013,4,34.6,-7.32,-17.5,-0.331
2013,5,95.6,3.08,3.3,0.081
2013,6,176.2,34.81,24.6,0.759
2013,7,307.4,77.24,33.6,1.079
2013,8,151.7,-21.85,-12.6,-0.381
2013,9,191.8,54.16,39.3,1.047
2013,10,103.7,-34.78,-25.1,-0.567
2013,11,24.9,-28.8,-53.6,-0.646
2013,12,2.4,-9.25,-79.4,-0.584
2014,1,0.4,-2.55,-86.5,-0.535
2014,2,2.4,-1.7,-41.4,-0.226
2014,3,17.7,8.21,86.4,0.592
2014,4,46.7,4.78,11.4,0.216
2014,5,130.5,37.98,41.1,0.995
2014,6,106.8,-34.59,-24.5,-0.754
2014,7,271.6,41.44,18.0,0.579
2014,8,254.6,81.05,46.7,1.415
2014,9,161.6,23.96,17.4,0.463
2014,10,152.9,14.42,10.4,0.235
2014,11,20.2,-33.5,-62.4,-0.751
2014,12,18.7,7.05,60.5,0.445
2015,1,1.7,-1.25,-42.4,-0.262
2015,2,0.2,-3.9,-95.1,-0.519
2015,3,24.4,14.91,157.0,1.075
2015,4,80.5,38.58,92.0,1.745
2015,5,125.3,32.78,35.4,0.859
2015,6,218.7,77.31,54.7,1.686
2015,7,112.0,-118.16,-51.3,-1.65
2015,8,136.6,-36.95,-21.3,-0.645
2015,9,164.5,26.86,19.5,0.519
2015,10,106.1,-32.38,-23.4,-0.528
2015,11,138.1,84.4,157.2,1.893
2015,12,4.4,-7.25,-62.2,-0.458
2016,1,3.6,0.65,21.9,0.136
2016,2,0.4,-3.7,-90.2,-0.492
2016,3,3.2,-6.29,-66.3,-0.454
2016,4,8.8,-33.12,-79.0,-1.499
2016,5,92.0,-0.52,-0.6,-0.014
2016,6,172.2,30.81,21.8,0.672
2016,7,196.5,-33.66,-14.6,-0.47
2016,8,85.9,-87.65,-50.5,-1.53
2016,9,62.8,-74.84,-54.4,-1.446
2016,10,21.9,-116.58,-84.2,-1.902
2016,11,9.1,-44.6,-83.1,-1.0
2016,12,31.0,19.35,166.1,1.222
2017,1,5.0,2.05,69.4,0.429
2017,2,0.0,-4.1,-100.0,-0.545
2017,3,16.8,7.31,77.0,0.527
2017,4,34.1,-7.82,-18.7,-0.354
2017,5,140.9,48.38,52.3,1.268
2017,6,107.6,-33.79,-23.9,-0.737
2017,7,125.9,-104.26,-45.3,-1.456
2017,8,181.4,7.85,4.5,0.137
2017,9,250.3,112.66,81.8,2.177
2017,10,178.3,39.82,28.8,0.65
2017,11,13.8,-39.9,-74.3,-0.895
2017,12,7.7,-3.95,-33.9,-0.25
